"","cont1","cont2","cont3","bool1","bool2","cont4","bool3","cont5","cont6","approval","credit.score","ages"
"1",30.83,0,1.25,"t","t",1,"f",202,0,"+",664.6,42
"2",58.67,4.46,3.04,"t","t",6,"f",43,560,"+",693.88,54
"3",24.5,0.5,1.5,"t","f",0,"f",280,824,"+",621.82,29
"4",27.83,1.54,3.75,"t","t",5,"t",100,3,"+",653.97,58
"5",20.17,5.625,1.71,"t","f",0,"f",120,0,"+",670.26,65
"6",32.08,4,2.5,"t","f",0,"t",360,0,"+",672.16,61
"7",33.17,1.04,6.5,"t","f",0,"t",164,31285,"+",693.53,50
"8",22.92,11.585,0.04,"t","f",0,"f",80,1349,"+",697.57,41
"9",54.42,0.5,3.96,"t","f",0,"f",180,314,"+",704.22,30
"10",42.5,4.915,3.165,"t","f",0,"t",52,1442,"+",722.97,35
"11",22.08,0.83,2.165,"f","f",0,"t",128,0,"+",677.64,57
"12",29.92,1.835,4.335,"t","f",0,"f",260,200,"+",675.62,58
"13",38.25,6,1,"t","f",0,"t",0,0,"+",657.88,60
"14",48.08,6.04,0.04,"f","f",0,"f",0,2690,"+",717,43
"15",45.83,10.5,5,"t","t",7,"t",0,0,"+",741.7,62
"16",36.67,4.415,0.25,"t","t",10,"t",320,0,"+",600.64,53
"17",28.25,0.875,0.96,"t","t",3,"t",396,0,"+",712.13,40
"18",23.25,5.875,3.17,"t","t",10,"f",120,245,"+",682.23,48
"19",21.83,0.25,0.665,"t","f",0,"t",0,0,"+",652.96,65
"20",19.17,8.585,0.75,"t","t",7,"f",96,0,"+",733.69,54
"21",25,11.25,2.5,"t","t",17,"f",200,1208,"+",664.53,38
"22",23.25,1,0.835,"t","f",0,"f",300,0,"+",710.16,51
"23",47.75,8,7.875,"t","t",6,"t",0,1260,"+",695.52,56
"24",27.42,14.5,3.085,"t","t",1,"f",120,11,"+",662.91,48
"25",41.17,6.5,0.5,"t","t",3,"t",145,0,"+",736.13,52
"26",15.83,0.585,1.5,"t","t",2,"f",100,0,"+",590.82,46
"27",47,13,5.165,"t","t",9,"t",0,0,"+",677.87,51
"28",56.58,18.5,15,"t","t",17,"t",0,0,"+",623.93,41
"29",57.42,8.5,7,"t","t",3,"f",0,0,"+",675.94,64
"30",42.08,1.04,5,"t","t",6,"t",500,10000,"+",787.31,46
"31",29.25,14.79,5.04,"t","t",5,"t",168,0,"+",705.56,56
"32",42,9.79,7.96,"t","t",8,"f",0,0,"+",771.17,70
"33",49.5,7.585,7.585,"t","t",15,"t",0,5000,"+",653.67,52
"34",36.75,5.125,5,"t","f",0,"t",0,4000,"+",663.27,54
"35",22.58,10.75,0.415,"t","t",5,"t",0,560,"+",753.83,35
"36",27.83,1.5,2,"t","t",11,"t",434,35,"+",664.91,53
"37",27.25,1.585,1.835,"t","t",12,"t",583,713,"+",680.7,30
"38",23,11.75,0.5,"t","t",2,"t",300,551,"+",730.97,39
"39",27.75,0.585,0.25,"t","t",2,"f",260,500,"+",660.98,67
"40",54.58,9.415,14.415,"t","t",11,"t",30,300,"+",653.45,46
"41",34.17,9.17,4.5,"t","t",12,"t",0,221,"+",628.75,64
"42",28.92,15,5.335,"t","t",11,"f",0,2283,"+",697.67,20
"43",29.67,1.415,0.75,"t","t",1,"f",240,100,"+",717.06,56
"44",39.58,13.915,8.625,"t","t",6,"t",70,0,"+",697.27,51
"45",56.42,28,28.5,"t","t",40,"f",0,15,"+",697.62,56
"46",54.33,6.75,2.625,"t","t",11,"t",0,284,"+",653.99,54
"47",41,2.04,0.125,"t","t",23,"t",455,1236,"+",635.95,42
"48",31.92,4.46,6.04,"t","t",3,"f",311,300,"+",737.76,45
"49",41.5,1.54,3.5,"f","f",0,"f",216,0,"+",712.99,57
"50",23.92,0.665,0.165,"f","f",0,"f",100,0,"+",684.82,59
"51",25.75,0.5,0.875,"t","f",0,"t",491,0,"+",719.12,43
"52",26,1,1.75,"t","f",0,"t",280,0,"+",727.22,45
"53",37.42,2.04,0.04,"t","f",0,"t",400,5800,"+",714.25,26
"54",34.92,2.5,0,"t","f",0,"t",239,200,"+",743.68,47
"55",34.25,3,7.415,"t","f",0,"t",0,0,"+",738.52,44
"56",23.33,11.625,0.835,"t","f",0,"t",160,300,"+",633.1,51
"57",23.17,0,0.085,"t","f",0,"f",0,0,"+",736.88,40
"58",44.33,0.5,5,"t","f",0,"t",320,0,"+",681.92,48
"59",35.17,4.5,5.75,"f","f",0,"t",711,0,"+",647.96,52
"60",43.25,3,6,"t","t",11,"f",80,0,"+",766.69,48
"61",56.75,12.25,1.25,"t","t",4,"t",200,0,"+",705.03,54
"62",31.67,16.165,3,"t","t",9,"f",250,730,"+",765.37,65
"63",23.42,0.79,1.5,"t","t",2,"t",80,400,"+",635.55,50
"64",20.42,0.835,1.585,"t","t",1,"f",0,0,"+",739.7,54
"65",26.67,4.25,4.29,"t","t",1,"t",120,0,"+",637.83,38
"66",34.17,1.54,1.54,"t","t",1,"t",520,50000,"+",690.23,50
"67",36,1,2,"t","t",11,"f",0,456,"+",687.44,28
"68",25.5,0.375,0.25,"t","t",3,"f",260,15108,"+",709.75,39
"69",19.42,6.5,1.46,"t","t",7,"f",80,2954,"+",632.59,43
"70",35.17,25.125,1.625,"t","t",1,"t",515,500,"+",744.27,56
"71",32.33,7.5,1.585,"t","f",0,"t",420,0,"-",657.94,32
"72",34.83,4,12.5,"t","f",0,"t",NA,0,"-",674.26,53
"73",38.58,5,13.5,"t","f",0,"t",980,0,"-",689.36,61
"74",44.25,0.5,10.75,"t","f",0,"f",400,0,"-",723.65,29
"75",44.83,7,1.625,"f","f",0,"f",160,2,"-",714.43,48
"76",20.67,5.29,0.375,"t","t",1,"f",160,0,"-",693.65,67
"77",34.08,6.5,0.125,"t","f",0,"t",443,0,"-",655.94,63
"78",19.17,0.585,0.585,"t","f",0,"t",160,0,"-",786.51,57
"79",21.67,1.165,2.5,"t","t",1,"f",180,20,"-",782.81,53
"80",21.5,9.75,0.25,"t","f",0,"f",140,0,"-",657.55,62
"81",49.58,19,0,"t","t",1,"f",94,0,"-",705.86,40
"82",27.67,1.5,2,"t","f",0,"f",368,0,"-",713.99,68
"83",39.83,0.5,0.25,"t","f",0,"f",288,0,"-",754.96,44
"84",NA,3.5,3,"t","f",0,"t",300,0,"-",752.21,38
"85",27.25,0.625,0.455,"t","f",0,"t",200,0,"-",780.52,48
"86",37.17,4,5,"t","f",0,"t",280,0,"-",742.09,49
"87",NA,0.375,0.875,"t","f",0,"t",928,0,"-",677.58,30
"88",25.67,2.21,4,"t","f",0,"f",188,0,"-",666.99,55
"89",34,4.5,1,"t","f",0,"t",240,0,"-",752.67,55
"90",49,1.5,0,"t","f",0,"t",100,27,"-",659.9,47
"91",62.5,12.75,5,"t","f",0,"f",112,0,"-",672.47,66
"92",31.42,15.5,0.5,"t","f",0,"f",120,0,"-",738.33,46
"93",NA,5,8.5,"t","f",0,"f",0,0,"-",699.88,53
"94",52.33,1.375,9.46,"t","f",0,"t",200,100,"-",687.46,39
"95",28.75,1.5,1.5,"t","f",0,"t",0,225,"-",753.72,54
"96",28.58,3.54,0.5,"t","f",0,"t",171,0,"-",756.46,52
"97",23,0.625,0.125,"t","f",0,"f",180,1,"-",738.47,63
"98",NA,0.5,0.835,"t","f",0,"t",320,0,"-",723.07,60
"99",22.5,11,3,"t","f",0,"t",268,0,"-",609.08,53
"100",28.5,1,1,"t","t",2,"t",167,500,"-",731.63,50
"101",37.5,1.75,0.25,"t","f",0,"t",164,400,"-",665.84,57
"102",35.25,16.5,4,"t","f",0,"f",80,0,"-",673.01,47
"103",18.67,5,0.375,"t","t",2,"f",0,38,"-",678.56,56
"104",25,12,2.25,"t","t",2,"t",120,5,"-",650.48,54
"105",27.83,4,5.75,"t","t",2,"t",75,0,"-",692.04,57
"106",54.83,15.5,0,"t","t",20,"f",152,130,"-",724.12,49
"107",28.75,1.165,0.5,"t","f",0,"f",280,0,"-",659.13,46
"108",25,11,4.5,"t","f",0,"f",120,0,"-",744.2,53
"109",40.92,2.25,10,"t","f",0,"t",176,0,"-",738.78,61
"110",19.75,0.75,0.795,"t","t",5,"t",140,5,"-",624.49,36
"111",29.17,3.5,3.5,"t","t",3,"t",329,0,"-",733.08,51
"112",24.5,1.04,0.5,"t","t",3,"f",180,147,"-",741.71,55
"113",24.58,12.5,0.875,"t","f",0,"t",260,0,"-",725.87,39
"114",33.75,0.75,1,"t","t",3,"t",212,0,"-",752.45,51
"115",20.67,1.25,1.375,"t","t",3,"t",140,210,"-",720.82,58
"116",25.42,1.125,1.29,"t","t",2,"f",200,0,"-",754.25,41
"117",37.75,7,11.5,"t","t",7,"t",300,5,"-",666.9,51
"118",52.5,6.5,6.29,"t","t",15,"f",0,11202,"+",689.09,65
"119",57.83,7.04,14,"t","t",6,"t",360,1332,"+",678.87,52
"120",20.75,10.335,0.335,"t","t",1,"t",80,50,"+",736.15,52
"121",39.92,6.21,0.04,"t","t",1,"f",200,300,"+",609.25,47
"122",25.67,12.5,1.21,"t","t",67,"t",140,258,"+",666.26,47
"123",24.75,12.5,1.5,"t","t",12,"t",120,567,"+",705.5,37
"124",44.17,6.665,7.375,"t","t",3,"t",0,0,"+",661.53,43
"125",23.5,9,8.5,"t","t",5,"t",120,0,"+",683.63,49
"126",34.92,5,7.5,"t","t",6,"t",0,1000,"+",761.67,51
"127",47.67,2.5,2.5,"t","t",12,"t",410,2510,"+",740.73,54
"128",22.75,11,2.5,"t","t",7,"t",100,809,"+",748.52,74
"129",34.42,4.25,3.25,"t","t",2,"f",274,610,"+",645.12,45
"130",28.42,3.5,0.835,"t","f",0,"f",280,0,"+",624.72,57
"131",67.75,5.5,13,"t","t",1,"t",0,0,"+",756.49,55
"132",20.42,1.835,2.25,"t","t",1,"f",100,150,"+",698.45,51
"133",47.42,8,6.5,"t","t",6,"f",375,51100,"+",717.23,45
"134",36.25,5,2.5,"t","t",6,"f",0,367,"+",696.89,57
"135",32.67,5.5,5.5,"t","t",12,"t",408,1000,"+",695.76,31
"136",48.58,6.5,6,"t","f",0,"t",350,0,"+",759.31,57
"137",39.92,0.54,0.5,"t","t",3,"f",200,1000,"+",681.12,14
"138",33.58,2.75,4.25,"t","t",6,"f",204,0,"+",632.24,50
"139",18.83,9.5,1.625,"t","t",6,"t",40,600,"+",677.64,67
"140",26.92,13.5,5,"t","t",2,"f",0,5000,"+",706.39,46
"141",31.25,3.75,0.625,"t","t",9,"t",181,0,"+",728.74,59
"142",56.5,16,0,"t","t",15,"f",0,247,"+",695.54,39
"143",43,0.29,1.75,"t","t",8,"f",100,375,"+",682.69,50
"144",22.33,11,2,"t","t",1,"f",80,278,"+",715.91,55
"145",27.25,1.665,5.085,"t","t",9,"f",399,827,"+",736.56,54
"146",32.83,2.5,2.75,"t","t",6,"f",160,2072,"+",636.93,53
"147",23.25,1.5,2.375,"t","t",3,"t",0,582,"+",705.1,67
"148",40.33,7.54,8,"t","t",14,"f",0,2300,"+",661.2,62
"149",30.5,6.5,4,"t","t",7,"t",0,3065,"+",675.8,69
"150",52.83,15,5.5,"t","t",14,"f",0,2200,"+",658.8,48
"151",46.67,0.46,0.415,"t","t",11,"t",440,6,"+",676.96,63
"152",58.33,10,4,"t","t",14,"f",0,1602,"+",732.79,53
"153",37.33,6.5,4.25,"t","t",12,"t",93,0,"+",670.67,51
"154",23.08,2.5,1.085,"t","t",11,"t",60,2184,"+",654.72,66
"155",32.75,1.5,5.5,"t","t",3,"t",0,0,"+",691.07,70
"156",21.67,11.5,0,"t","t",11,"t",0,0,"+",735.64,44
"157",28.5,3.04,2.54,"t","t",1,"f",70,0,"+",682.5,57
"158",68.67,15,0,"t","t",14,"f",0,3376,"+",660.49,41
"159",28,2,4.165,"t","t",2,"t",181,0,"+",709.89,35
"160",34.08,0.08,0.04,"t","t",1,"t",280,2000,"+",686.5,38
"161",27.67,2,1,"t","t",4,"f",140,7544,"+",708.23,55
"162",44,2,1.75,"t","t",2,"t",0,15,"+",620.56,60
"163",25.08,1.71,1.665,"t","t",1,"t",395,20,"+",710.83,11
"164",32,1.75,0.04,"t","f",0,"t",393,0,"+",741.86,46
"165",60.58,16.5,11,"t","f",0,"t",21,10561,"+",676.04,52
"166",40.83,10,1.75,"t","f",0,"f",29,837,"+",782.78,48
"167",19.33,9.5,1,"t","f",0,"t",60,400,"+",710.69,57
"168",32.33,0.54,0.04,"t","f",0,"f",440,11177,"+",674.92,42
"169",36.67,3.25,9,"t","f",0,"t",102,639,"+",705.31,84
"170",37.5,1.125,1.5,"f","f",0,"t",431,0,"+",745.2,60
"171",25.08,2.54,0.25,"t","f",0,"t",370,0,"+",680.3,56
"172",41.33,0,15,"t","f",0,"f",0,0,"+",689.42,50
"173",56,12.5,8,"t","f",0,"t",24,2028,"+",708.54,39
"174",49.83,13.585,8.5,"t","f",0,"t",0,0,"+",795.11,50
"175",22.67,10.5,1.335,"t","f",0,"f",100,0,"+",705.02,51
"176",27,1.5,0.375,"t","f",0,"t",260,1065,"+",723.9,49
"177",25,12.5,3,"t","f",0,"t",20,0,"+",722.09,46
"178",26.08,8.665,1.415,"t","f",0,"f",160,150,"+",730.63,50
"179",18.42,9.25,1.21,"t","t",4,"f",60,540,"+",721.27,53
"180",20.17,8.17,1.96,"t","t",14,"f",60,158,"+",740.63,46
"181",47.67,0.29,15,"t","t",20,"f",0,15000,"+",716.05,59
"182",21.25,2.335,0.5,"t","t",4,"f",80,0,"+",661.43,58
"183",20.67,3,0.165,"t","t",3,"f",100,6,"+",673,70
"184",57.08,19.5,5.5,"t","t",7,"f",0,3000,"+",764.06,54
"185",22.42,5.665,2.585,"t","t",7,"f",129,3257,"+",663.21,49
"186",48.75,8.5,12.5,"t","t",9,"f",181,1655,"+",757.55,33
"187",40,6.5,3.5,"t","t",1,"f",0,500,"+",675.67,48
"188",40.58,5,5,"t","t",7,"f",0,3065,"+",646.45,40
"189",28.67,1.04,2.5,"t","t",5,"t",300,1430,"+",654.09,53
"190",33.08,4.625,1.625,"t","t",2,"f",0,0,"+",685.16,43
"191",21.33,10.5,3,"t","f",0,"t",0,0,"+",678.92,44
"192",42,0.205,5.125,"t","f",0,"f",400,0,"+",724.7,60
"193",41.75,0.96,2.5,"t","f",0,"f",510,600,"+",708.78,51
"194",22.67,1.585,3.085,"t","t",6,"f",80,0,"+",693.73,69
"195",34.5,4.04,8.5,"t","t",7,"t",195,0,"+",741.4,27
"196",28.25,5.04,1.5,"t","t",8,"t",144,7,"+",671.45,45
"197",33.17,3.165,3.165,"t","t",3,"t",380,0,"+",677.74,39
"198",48.17,7.625,15.5,"t","t",12,"f",0,790,"+",772.16,39
"199",27.58,2.04,2,"t","t",3,"t",370,560,"+",632.39,53
"200",22.58,10.04,0.04,"t","t",9,"f",60,396,"+",800.2,53
"201",24.08,0.5,1.25,"t","t",1,"f",0,678,"+",717.8,37
"202",41.33,1,2.25,"t","f",0,"t",0,300,"+",659.42,36
"203",24.83,2.75,2.25,"t","t",6,"f",NA,600,"+",729.35,65
"204",20.75,10.25,0.71,"t","t",2,"t",49,0,"+",805.8,50
"205",36.33,2.125,0.085,"t","t",1,"f",50,1187,"+",708.24,47
"206",35.42,12,14,"t","t",8,"f",0,6590,"+",661.58,51
"207",71.58,0,0,"f","f",0,"f",NA,0,"+",647.3,40
"208",28.67,9.335,5.665,"t","t",6,"f",381,168,"+",668.3,60
"209",35.17,2.5,4.5,"t","t",7,"f",150,1270,"+",619.35,42
"210",39.5,4.25,6.5,"t","t",16,"f",117,1210,"+",669.8,39
"211",39.33,5.875,10,"t","t",14,"t",399,0,"+",666.28,49
"212",24.33,6.625,5.5,"t","f",0,"t",100,0,"+",613.53,50
"213",60.08,14.5,18,"t","t",15,"t",0,1000,"+",664.64,54
"214",23.08,11.5,3.5,"t","t",9,"f",56,742,"+",717.74,42
"215",26.67,2.71,5.25,"t","t",1,"f",211,0,"+",744.19,34
"216",48.17,3.5,3.5,"t","f",0,"f",230,0,"+",659.63,29
"217",41.17,4.04,7,"t","t",8,"f",320,0,"+",742.6,53
"218",55.92,11.5,5,"t","t",5,"f",0,8851,"+",744.73,42
"219",53.92,9.625,8.665,"t","t",5,"f",0,0,"+",669.11,70
"220",18.92,9.25,1,"t","t",4,"t",80,500,"+",665.84,74
"221",50.08,12.54,2.29,"t","t",3,"t",156,0,"+",678.73,44
"222",65.42,11,20,"t","t",7,"t",22,0,"+",754.94,51
"223",17.58,9,1.375,"t","f",0,"t",0,0,"+",675.26,53
"224",18.83,9.54,0.085,"t","f",0,"f",100,0,"+",701.05,53
"225",37.75,5.5,0.125,"t","f",0,"t",228,0,"+",682.52,73
"226",23.25,4,0.25,"t","f",0,"t",160,0,"+",694.52,40
"227",18.08,5.5,0.5,"t","f",0,"f",80,0,"+",694.52,42
"228",22.5,8.46,2.46,"f","f",0,"f",164,0,"+",720.46,51
"229",19.67,0.375,2,"t","t",2,"t",80,0,"+",715.79,52
"230",22.08,11,0.665,"t","f",0,"f",100,0,"+",732.68,27
"231",25.17,3.5,0.625,"t","t",7,"f",0,7059,"+",684.33,27
"232",47.42,3,13.875,"t","t",2,"t",519,1704,"+",687.48,37
"233",33.5,1.75,4.5,"t","t",4,"t",253,857,"+",679.58,23
"234",27.67,13.75,5.75,"t","f",0,"t",487,500,"+",719.72,32
"235",58.42,21,10,"t","t",13,"f",0,6700,"+",706.22,19
"236",20.67,1.835,2.085,"t","t",5,"f",220,2503,"+",681.79,40
"237",26.17,0.25,0,"t","f",0,"t",0,0,"+",666.4,33
"238",21.33,7.5,1.415,"t","t",1,"f",80,9800,"+",714.98,25
"239",42.83,4.625,4.58,"t","f",0,"f",0,0,"+",608.79,34
"240",38.17,10.125,2.5,"t","t",6,"f",520,196,"+",714.65,31
"241",20.5,10,2.5,"t","f",0,"f",40,0,"+",681.09,31
"242",48.25,25.085,1.75,"t","t",3,"f",120,14,"+",698.73,37
"243",28.33,5,11,"t","f",0,"t",70,0,"+",751.47,22
"244",18.75,7.5,2.71,"t","t",5,"f",NA,26726,"+",685.64,31
"245",18.5,2,1.5,"t","t",2,"f",120,300,"+",732.72,35
"246",33.17,3.04,2.04,"t","t",1,"t",180,18027,"+",730.42,29
"247",45,8.5,14,"t","t",1,"t",88,2000,"+",701.81,31
"248",19.67,0.21,0.29,"t","t",11,"f",80,99,"+",670.88,29
"249",24.5,12.75,4.75,"t","t",2,"f",73,444,"+",712.38,39
"250",21.83,11,0.29,"t","t",6,"f",121,0,"+",697.48,28
"251",40.25,21.5,20,"t","t",11,"f",0,1200,"+",757.73,28
"252",41.42,5,5,"t","t",6,"t",470,0,"+",718.59,26
"253",17.83,11,1,"t","t",11,"f",0,3000,"+",689.85,24
"254",23.17,11.125,0.46,"t","t",1,"f",100,0,"+",633.78,33
"255",NA,0.625,0.25,"f","f",0,"f",380,2010,"-",703.11,32
"256",18.17,10.25,1.085,"f","f",0,"f",320,13,"-",668.75,23
"257",20,11.045,2,"f","f",0,"t",136,0,"-",703.67,25
"258",20,0,0.5,"f","f",0,"f",144,0,"-",705.15,33
"259",20.75,9.54,0.04,"f","f",0,"f",200,1000,"-",756.44,33
"260",24.5,1.75,0.165,"f","f",0,"f",132,0,"-",749.76,22
"261",32.75,2.335,5.75,"f","f",0,"t",292,0,"-",756.91,32
"262",52.17,0,0,"f","f",0,"f",0,0,"-",777.81,29
"263",48.17,1.335,0.335,"f","f",0,"f",0,120,"-",638.42,32
"264",20.42,10.5,0,"f","f",0,"t",154,32,"-",737.34,26
"265",50.75,0.585,0,"f","f",0,"f",145,0,"-",602.25,24
"266",17.08,0.085,0.04,"f","f",0,"f",140,722,"-",724.94,25
"267",18.33,1.21,0,"f","f",0,"f",100,0,"-",697.3,31
"268",32,6,1.25,"f","f",0,"f",272,0,"-",726.42,34
"269",59.67,1.54,0.125,"t","f",0,"t",260,0,"+",689.55,28
"270",18,0.165,0.21,"f","f",0,"f",200,40,"+",725.24,35
"271",37.58,0,0,"f","f",0,"f",NA,0,"+",721.43,32
"272",32.33,2.5,1.25,"f","f",0,"t",280,0,"-",700.6,27
"273",18.08,6.75,0.04,"f","f",0,"f",140,0,"-",681.72,31
"274",38.25,10.125,0.125,"f","f",0,"f",160,0,"-",709.7,22
"275",30.67,2.5,2.25,"f","f",0,"t",340,0,"-",629.06,32
"276",18.58,5.71,0.54,"f","f",0,"f",120,0,"-",623.01,28
"277",19.17,5.415,0.29,"f","f",0,"f",80,484,"-",636.16,34
"278",18.17,10,0.165,"f","f",0,"f",340,0,"-",725.84,31
"279",24.58,13.5,0,"f","f",0,"f",NA,0,"-",778.61,33
"280",16.25,0.835,0.085,"t","f",0,"f",200,0,"-",708.89,32
"281",21.17,0.875,0.25,"f","f",0,"f",280,204,"-",703.04,32
"282",23.92,0.585,0.125,"f","f",0,"f",240,1,"-",723.29,27
"283",17.67,4.46,0.25,"f","f",0,"f",80,0,"-",709.51,31
"284",16.5,1.25,0.25,"f","t",1,"f",108,98,"-",677.82,30
"285",23.25,12.625,0.125,"f","t",2,"f",0,5552,"-",701.96,26
"286",17.58,10,0.165,"f","t",1,"f",120,1,"-",639.93,32
"287",NA,1.5,0,"f","t",2,"t",200,105,"-",706.52,36
"288",29.5,0.58,0.29,"f","t",1,"f",340,2803,"-",640.93,17
"289",18.83,0.415,0.165,"f","t",1,"f",200,1,"-",710.92,28
"290",21.75,1.75,0,"f","f",0,"f",160,0,"-",662.12,27
"291",23,0.75,0.5,"f","f",0,"t",320,0,"-",704.88,38
"292",18.25,10,1,"f","t",1,"f",120,1,"-",671.72,27
"293",25.42,0.54,0.165,"f","t",1,"f",272,444,"-",683.7,20
"294",35.75,2.415,0.125,"f","t",2,"f",220,1,"-",635.99,31
"295",16.08,0.335,0,"f","t",1,"f",160,126,"-",737.29,27
"296",31.92,3.125,3.04,"f","t",2,"t",200,4,"-",775.9,25
"297",69.17,9,4,"f","t",1,"f",70,6,"-",684.19,20
"298",32.92,2.5,1.75,"f","t",2,"t",720,0,"-",715.39,30
"299",16.33,2.75,0.665,"f","t",1,"f",80,21,"-",752.31,39
"300",22.17,12.125,3.335,"f","t",2,"t",180,173,"-",643.53,25
"301",57.58,2,6.5,"f","t",1,"f",0,10,"-",707.03,41
"302",18.25,0.165,0.25,"f","f",0,"t",280,0,"-",675.67,24
"303",23.42,1,0.5,"f","f",0,"t",280,0,"-",750.69,17
"304",15.92,2.875,0.085,"f","f",0,"f",120,0,"-",647.66,24
"305",24.75,13.665,1.5,"f","f",0,"f",280,1,"-",701.99,23
"306",48.75,26.335,0,"t","f",0,"t",0,0,"-",701.41,26
"307",23.5,2.75,4.5,"f","f",0,"f",160,25,"-",756.91,30
"308",18.58,10.29,0.415,"f","f",0,"f",80,0,"-",764.74,22
"309",27.75,1.29,0.25,"f","f",0,"t",140,0,"-",680.22,26
"310",31.75,3,0,"f","f",0,"f",160,20,"-",785.93,25
"311",24.83,4.5,1,"f","f",0,"t",360,6,"-",643.94,25
"312",19,1.75,2.335,"f","f",0,"t",112,6,"-",638.4,27
"313",16.33,0.21,0.125,"f","f",0,"f",200,1,"-",688.48,35
"314",18.58,10,0.415,"f","f",0,"f",80,42,"-",716.49,27
"315",16.25,0,0.25,"f","f",0,"f",60,0,"-",684.57,33
"316",23,0.75,0.5,"t","f",0,"t",320,0,"-",726.66,32
"317",21.17,0.25,0.25,"f","f",0,"f",280,204,"-",732.19,34
"318",17.5,22,0,"f","f",0,"t",450,100000,"+",640.13,29
"319",19.17,0,0,"f","f",0,"t",500,1,"+",682.62,30
"320",36.75,0.125,1.5,"f","f",0,"t",232,113,"+",690.65,31
"321",21.25,1.5,1.5,"f","f",0,"f",150,8,"+",761.11,32
"322",18.08,0.375,10,"f","f",0,"t",300,0,"+",748.6,31
"323",33.67,0.375,0.375,"f","f",0,"f",300,44,"+",690.02,35
"324",48.58,0.205,0.25,"t","t",11,"f",380,2732,"+",706.16,32
"325",33.67,1.25,1.165,"f","f",0,"f",120,0,"-",645.63,36
"326",29.5,1.085,1,"f","f",0,"f",280,13,"-",683.36,20
"327",30.17,1.085,0.04,"f","f",0,"f",170,179,"-",731.82,23
"328",40.83,3.5,0.5,"f","f",0,"f",1160,0,"-",752.94,24
"329",34.83,2.5,3,"f","f",0,"f",200,0,"-",652.34,36
"330",NA,4,0.085,"f","f",0,"t",411,0,"-",653.67,29
"331",20.42,0,0,"f","f",0,"f",NA,0,"-",630.27,32
"332",33.25,2.5,2.5,"f","f",0,"t",0,2,"-",613.17,23
"333",34.08,2.5,1,"f","f",0,"f",460,16,"-",710.83,26
"334",25.25,12.5,1,"f","f",0,"t",180,1062,"-",647.33,19
"335",34.75,2.5,0.5,"f","f",0,"f",348,0,"-",654.21,26
"336",27.67,0.75,0.165,"f","f",0,"t",220,251,"-",656.39,41
"337",47.33,6.5,1,"f","f",0,"t",0,228,"-",714.54,31
"338",34.83,1.25,0.5,"f","f",0,"t",160,0,"-",767.85,33
"339",33.25,3,2,"f","f",0,"f",180,0,"-",701.62,38
"340",28,3,0.75,"f","f",0,"t",300,67,"-",721.38,30
"341",39.08,4,3,"f","f",0,"f",480,0,"-",725.67,24
"342",42.75,4.085,0.04,"f","f",0,"f",108,100,"-",667.49,24
"343",26.92,2.25,0.5,"f","f",0,"t",640,4000,"-",749.12,28
"344",33.75,2.75,0,"f","f",0,"f",180,0,"-",707.74,35
"345",38.92,1.75,0.5,"f","f",0,"t",300,2,"-",670.47,32
"346",62.75,7,0,"f","f",0,"f",0,12,"-",732.51,29
"347",32.25,1.5,0.25,"f","f",0,"t",372,122,"-",662.62,27
"348",26.75,4.5,2.5,"f","f",0,"f",200,1210,"-",644.13,25
"349",63.33,0.54,0.585,"t","t",3,"t",180,0,"-",654.02,34
"350",27.83,1.5,2.25,"f","t",1,"t",100,3,"-",676.13,26
"351",26.17,2,0,"f","f",0,"t",276,1,"-",648.5,37
"352",22.17,0.585,0,"f","f",0,"f",100,0,"-",666.18,32
"353",22.5,11.5,1.5,"f","f",0,"t",0,4000,"-",740.06,35
"354",30.75,1.585,0.585,"f","f",0,"t",0,0,"-",655.76,32
"355",36.67,2,0.25,"f","f",0,"t",221,0,"-",718.97,38
"356",16,0.165,1,"f","t",2,"t",320,1,"-",732.03,25
"357",41.17,1.335,0.165,"f","f",0,"f",168,0,"-",694.92,33
"358",19.5,0.165,0.04,"f","f",0,"t",380,0,"-",675.9,31
"359",32.42,3,0.165,"f","f",0,"t",120,0,"-",620.84,31
"360",36.75,4.71,0,"f","f",0,"f",160,0,"-",767.48,29
"361",30.25,5.5,5.5,"f","f",0,"t",100,0,"-",692.02,23
"362",23.08,2.5,0.085,"f","f",0,"t",100,4208,"-",687.86,33
"363",26.83,0.54,0,"f","f",0,"f",100,0,"-",723.53,39
"364",16.92,0.335,0.29,"f","f",0,"f",200,0,"-",629.57,25
"365",24.42,2,0.165,"f","t",2,"f",320,1300,"-",752.37,32
"366",42.83,1.25,13.875,"f","t",1,"t",352,112,"-",667.97,32
"367",22.75,6.165,0.165,"f","f",0,"f",220,1000,"-",658.14,29
"368",39.42,1.71,0.165,"f","f",0,"f",400,0,"-",694.54,25
"369",23.58,11.5,3,"f","f",0,"t",20,16,"-",759.43,27
"370",21.42,0.75,0.75,"f","f",0,"t",132,2,"-",706.41,30
"371",33,2.5,7,"f","f",0,"t",280,0,"-",710.53,29
"372",26.33,13,0,"f","f",0,"t",140,1110,"-",585.14,38
"373",45,4.585,1,"f","f",0,"t",240,0,"-",683.31,33
"374",26.25,1.54,0.125,"f","f",0,"f",100,0,"-",694.34,28
"375",28.17,0.585,0.04,"f","f",0,"f",260,1004,"-",701.12,29
"376",20.83,0.5,1,"f","f",0,"f",260,0,"-",718.98,34
"377",28.67,14.5,0.125,"f","f",0,"f",0,286,"-",674.55,30
"378",20.67,0.835,2,"f","f",0,"t",240,0,"-",749.52,28
"379",34.42,1.335,0.125,"f","f",0,"t",440,4500,"-",699.87,31
"380",33.58,0.25,4,"f","f",0,"t",420,0,"-",684.44,25
"381",43.17,5,2.25,"f","f",0,"t",141,0,"-",733.55,36
"382",22.67,7,0.165,"f","f",0,"f",160,0,"-",761.79,32
"383",24.33,2.5,4.5,"f","f",0,"f",200,456,"-",618.94,31
"384",56.83,4.25,5,"f","f",0,"t",0,4,"-",690.88,22
"385",22.08,11.46,1.585,"f","f",0,"t",100,1212,"-",670.79,32
"386",34,5.5,1.5,"f","f",0,"t",60,0,"-",714.83,19
"387",22.58,1.5,0.54,"f","f",0,"t",120,67,"-",711.58,29
"388",21.17,0,0.5,"f","f",0,"t",0,0,"-",631.71,27
"389",26.67,14.585,0,"f","f",0,"t",178,0,"-",710.04,32
"390",22.92,0.17,0.085,"f","f",0,"f",0,0,"-",718,40
"391",15.17,7,1,"f","f",0,"f",600,0,"-",708.19,32
"392",39.92,5,0.21,"f","f",0,"f",550,0,"-",730.3,28
"393",27.42,12.5,0.25,"f","f",0,"t",720,0,"-",706.53,32
"394",24.75,0.54,1,"f","f",0,"t",120,1,"-",673.5,34
"395",41.17,1.25,0.25,"f","f",0,"f",0,195,"-",730.09,24
"396",33.08,1.625,0.54,"f","f",0,"t",0,0,"-",652.94,28
"397",29.83,2.04,0.04,"f","f",0,"f",128,1,"-",700.5,26
"398",23.58,0.585,0.125,"f","f",0,"f",120,87,"-",647.59,20
"399",26.17,12.5,1.25,"f","f",0,"t",0,17,"-",697.35,24
"400",31,2.085,0.085,"f","f",0,"f",300,0,"-",707.79,31
"401",20.75,5.085,0.29,"f","f",0,"f",140,184,"-",735.25,32
"402",28.92,0.375,0.29,"f","f",0,"f",220,140,"-",682.19,32
"403",51.92,6.5,3.085,"f","f",0,"t",73,0,"-",643.69,27
"404",22.67,0.335,0.75,"f","f",0,"f",160,0,"-",692.53,23
"405",34,5.085,1.085,"f","f",0,"t",480,0,"-",788.35,36
"406",69.5,6,0,"f","f",0,"f",0,0,"-",742.79,30
"407",40.33,8.125,0.165,"f","t",2,"f",NA,18,"-",682.31,29
"408",19.58,0.665,1,"f","t",1,"f",2000,2,"-",732.32,35
"409",16,3.125,0.085,"f","t",1,"f",0,6,"-",685.33,36
"410",17.08,0.25,0.335,"f","t",4,"f",160,8,"-",749.92,22
"411",31.25,2.835,0,"f","t",5,"f",176,146,"-",710.23,26
"412",25.17,3,1.25,"f","t",1,"f",0,22,"-",707.24,33
"413",22.67,0.79,0.085,"f","f",0,"f",144,0,"-",758.95,34
"414",40.58,1.5,0,"f","f",0,"f",300,0,"-",759.04,24
"415",22.25,0.46,0.125,"f","f",0,"t",280,55,"-",685.01,30
"416",22.25,1.25,3.25,"f","f",0,"f",280,0,"-",661.75,26
"417",22.5,0.125,0.125,"f","f",0,"f",200,70,"-",700.05,32
"418",23.58,1.79,0.54,"f","f",0,"t",136,1,"-",625.21,38
"419",38.42,0.705,0.375,"f","t",2,"f",225,500,"-",680.94,25
"420",26.58,2.54,0,"f","f",0,"t",180,60,"-",688.05,27
"421",35,2.5,1,"f","f",0,"t",210,0,"-",726.57,42
"422",20.42,1.085,1.5,"f","f",0,"f",108,7,"-",589.38,23
"423",29.42,1.25,1.75,"f","f",0,"f",200,0,"-",646.99,24
"424",26.17,0.835,1.165,"f","f",0,"f",100,0,"-",644.55,35
"425",33.67,2.165,1.5,"f","f",0,"f",120,0,"-",689.79,20
"426",24.58,1.25,0.25,"f","f",0,"f",110,0,"-",623.27,26
"427",27.67,2.04,0.25,"f","f",0,"t",180,50,"-",699.28,33
"428",37.5,0.835,0.04,"f","f",0,"f",120,5,"-",666.8,29
"429",49.17,2.29,0.29,"f","f",0,"f",200,3,"-",721.09,37
"430",33.58,0.335,0.085,"f","f",0,"f",180,0,"-",659.59,40
"431",51.83,3,1.5,"f","f",0,"f",180,4,"-",643.38,26
"432",22.92,3.165,0.165,"f","f",0,"f",160,1058,"-",715.74,34
"433",21.83,1.54,0.085,"f","f",0,"t",356,0,"-",732.38,31
"434",25.25,1,0.5,"f","f",0,"f",200,0,"-",686.87,29
"435",58.58,2.71,2.415,"f","f",0,"t",320,0,"-",721.87,25
"436",19,0,0,"f","t",4,"f",45,1,"-",707.45,28
"437",19.58,0.585,0,"f","t",3,"f",350,769,"-",762.83,28
"438",53.33,0.165,0,"f","f",0,"t",62,27,"-",706.23,35
"439",27.17,1.25,0,"f","t",1,"f",92,300,"-",677.95,31
"440",25.92,0.875,0.375,"f","t",2,"t",174,3,"-",700.14,28
"441",23.08,0,1,"f","t",11,"f",0,0,"-",741.25,29
"442",39.58,5,0,"f","t",2,"f",17,1,"-",738.35,32
"443",30.58,2.71,0.125,"f","f",0,"t",80,0,"-",649.06,28
"444",17.25,3,0.04,"f","f",0,"t",160,40,"-",646.84,37
"445",17.67,0,0,"f","f",0,"f",86,0,"-",747.29,25
"446",NA,11.25,0,"f","f",0,"f",NA,5200,"-",748.25,32
"447",16.5,0.125,0.165,"f","f",0,"f",132,0,"-",731.5,28
"448",27.33,1.665,0,"f","f",0,"f",340,1,"-",727.37,24
"449",31.25,1.125,0,"f","t",1,"f",96,19,"-",695.58,29
"450",20,7,0.5,"f","f",0,"f",0,0,"-",697.34,30
"451",NA,3,7,"f","f",0,"f",0,1,"-",754.04,32
"452",39.5,1.625,1.5,"f","f",0,"f",0,316,"-",721.21,21
"453",36.5,4.25,3.5,"f","f",0,"f",454,50,"-",678.22,26
"454",29.75,0.665,0.25,"f","f",0,"t",300,0,"-",739.34,23
"455",52.42,1.5,3.75,"f","f",0,"t",0,350,"-",660.62,31
"456",36.17,18.125,0.085,"f","f",0,"f",320,3552,"-",693.81,23
"457",34.58,0,0,"f","f",0,"f",NA,0,"-",680.82,27
"458",29.67,0.75,0.04,"f","f",0,"f",240,0,"-",754.07,24
"459",36.17,5.5,5,"f","f",0,"f",210,687,"-",680.91,30
"460",25.67,0.29,1.5,"f","f",0,"t",160,0,"-",672.65,31
"461",24.5,2.415,0,"f","f",0,"f",120,0,"-",628.15,36
"462",24.08,0.875,0.085,"f","t",4,"f",254,1950,"-",693.81,34
"463",21.92,0.5,0.125,"f","f",0,"f",360,0,"-",684.18,40
"464",36.58,0.29,0,"f","t",10,"f",200,18,"-",732.12,31
"465",23,1.835,0,"f","t",1,"f",200,53,"-",719.2,47
"466",27.58,3,2.79,"f","t",1,"t",280,10,"-",738.2,36
"467",31.08,3.085,2.5,"f","t",2,"t",160,41,"-",666.36,44
"468",30.42,1.375,0.04,"f","t",3,"f",0,33,"-",660.74,26
"469",22.08,2.335,0.75,"f","f",0,"f",180,0,"-",631.25,38
"470",16.33,4.085,0.415,"f","f",0,"t",120,0,"-",688.58,42
"471",21.92,11.665,0.085,"f","f",0,"f",320,5,"-",640.83,38
"472",21.08,4.125,0.04,"f","f",0,"f",140,100,"-",653.12,21
"473",17.42,6.5,0.125,"f","f",0,"f",60,100,"-",714.42,32
"474",19.17,4,1,"f","f",0,"t",360,1000,"-",702.47,40
"475",20.67,0.415,0.125,"f","f",0,"f",0,44,"-",746.66,32
"476",26.75,2,0.75,"f","f",0,"t",80,0,"-",663.5,39
"477",23.58,0.835,0.085,"f","f",0,"t",220,5,"-",715.85,26
"478",39.17,2.5,10,"f","f",0,"t",200,0,"-",634.16,29
"479",22.75,11.5,0.415,"f","f",0,"f",0,0,"-",720.97,59
"480",26.5,2.71,0.085,"f","f",0,"f",80,0,"-",773.79,44
"481",16.92,0.5,0.165,"f","t",6,"t",240,35,"-",669.02,40
"482",23.5,3.165,0.415,"f","t",1,"t",280,80,"-",674.05,54
"483",17.33,9.5,1.75,"f","t",10,"t",0,10,"-",663.82,51
"484",23.75,0.415,0.04,"f","t",2,"f",128,6,"-",709,48
"485",34.67,1.08,1.165,"f","f",0,"f",28,0,"-",675.72,48
"486",74.83,19,0.04,"f","t",2,"f",0,351,"-",778.14,33
"487",28.17,0.125,0.085,"f","f",0,"f",216,2100,"-",713.02,36
"488",24.5,13.335,0.04,"f","f",0,"t",120,475,"-",737.05,44
"489",18.83,3.54,0,"f","f",0,"t",180,1,"-",711.9,44
"490",45.33,1,0.125,"f","f",0,"t",263,0,"-",747,46
"491",47.25,0.75,2.75,"t","t",1,"f",333,892,"+",608.68,30
"492",24.17,0.875,4.625,"t","t",2,"t",520,2000,"+",731.01,44
"493",39.25,9.5,6.5,"t","t",14,"f",240,4607,"+",683.37,23
"494",20.5,11.835,6,"t","f",0,"f",340,0,"+",796.09,31
"495",18.83,4.415,3,"t","f",0,"f",240,0,"+",733.32,45
"496",19.17,9.5,1.5,"t","f",0,"f",120,2206,"+",691.96,37
"497",25,0.875,1.04,"t","f",0,"t",160,5860,"+",729.5,52
"498",20.17,9.25,1.665,"t","t",3,"t",40,28,"+",754.33,46
"499",25.75,0.5,1.46,"t","t",5,"t",312,0,"+",630.35,45
"500",20.42,7,1.625,"t","t",3,"f",200,1391,"+",678.05,48
"501",NA,4,5,"t","t",3,"t",290,2279,"+",701.82,40
"502",39,5,3.5,"t","t",10,"t",0,0,"+",691.04,49
"503",64.08,0.165,0,"t","t",1,"f",232,100,"+",726.14,24
"504",28.25,5.125,4.75,"t","t",2,"f",420,7,"+",707.81,30
"505",28.75,3.75,1.085,"t","t",1,"t",371,0,"+",708.95,20
"506",31.33,19.5,7,"t","t",16,"f",0,5000,"+",700.18,55
"507",18.92,9,0.75,"t","t",2,"f",88,591,"+",703.94,29
"508",24.75,3,1.835,"t","t",19,"f",0,500,"+",686.17,30
"509",30.67,12,2,"t","t",1,"f",220,19,"+",665.63,37
"510",21,4.79,2.25,"t","t",1,"t",80,300,"+",716.44,33
"511",13.75,4,1.75,"t","t",2,"t",120,1000,"+",633.46,30
"512",46,4,0,"t","f",0,"f",100,960,"+",651.88,38
"513",44.33,0,2.5,"t","f",0,"f",0,0,"+",719.46,45
"514",20.25,9.96,0,"t","f",0,"f",0,0,"+",691.24,44
"515",22.67,2.54,2.585,"t","f",0,"f",0,0,"+",692.7,38
"516",NA,10.5,6.5,"t","f",0,"f",0,0,"+",673.82,41
"517",60.92,5,4,"t","t",4,"f",0,99,"+",758.99,46
"518",16.08,0.75,1.75,"t","t",5,"t",352,690,"+",694.06,30
"519",28.17,0.375,0.585,"t","t",4,"f",80,0,"+",771.29,42
"520",39.17,1.71,0.125,"t","t",5,"t",480,0,"+",600.21,49
"521",20.42,7.5,1.5,"t","t",1,"f",160,234,"+",664.23,22
"522",30,5.29,2.25,"t","t",5,"t",99,500,"+",680.73,35
"523",22.83,3,1.29,"t","t",1,"f",260,800,"+",650.67,40
"524",22.5,8.5,1.75,"t","t",10,"f",80,990,"-",742.43,46
"525",28.58,1.665,2.415,"t","f",0,"t",440,0,"-",673.73,33
"526",45.17,1.5,2.5,"t","f",0,"t",140,0,"-",693.72,42
"527",41.58,1.75,0.21,"t","f",0,"f",160,0,"-",673.69,31
"528",57.08,0.335,1,"t","f",0,"t",252,2197,"-",706.96,50
"529",55.75,7.08,6.75,"t","t",3,"t",100,50,"-",723.76,42
"530",43.25,25.21,0.21,"t","t",1,"f",760,90,"-",694.58,32
"531",25.33,2.085,2.75,"t","f",0,"t",360,1,"-",653.77,45
"532",24.58,0.67,1.75,"t","f",0,"f",400,0,"-",677.41,50
"533",43.17,2.25,0.75,"t","f",0,"f",560,0,"-",683.43,52
"534",40.92,0.835,0,"t","f",0,"f",130,1,"-",749.74,32
"535",31.83,2.5,7.5,"t","f",0,"t",523,0,"-",632.9,35
"536",33.92,1.585,0,"t","f",0,"f",320,0,"-",701.81,34
"537",24.92,1.25,0,"t","f",0,"f",80,0,"-",689.9,34
"538",35.25,3.165,3.75,"t","f",0,"t",680,0,"-",619.55,41
"539",34.25,1.75,0.25,"t","f",0,"t",163,0,"-",728.9,49
"540",80.25,5.5,0.54,"t","f",0,"f",0,340,"-",673.59,45
"541",19.42,1.5,2,"t","f",0,"t",100,20,"-",698.64,37
"542",42.75,3,1,"t","f",0,"f",0,200,"-",620.93,30
"543",19.67,10,0.835,"t","f",0,"t",140,0,"-",641.27,43
"544",36.33,3.79,1.165,"t","f",0,"t",200,0,"-",717.31,36
"545",30.08,1.04,0.5,"t","t",10,"t",132,28,"-",749.4,30
"546",44.25,11,1.5,"t","f",0,"f",0,0,"-",703.28,37
"547",23.58,0.46,2.625,"t","t",6,"t",208,347,"-",706.05,36
"548",23.92,1.5,1.875,"t","t",6,"f",200,327,"+",705.23,40
"549",33.17,1,0.75,"t","t",7,"t",340,4071,"+",659.98,35
"550",48.33,12,16,"t","f",0,"f",110,0,"+",757.56,36
"551",76.75,22.29,12.75,"t","t",1,"t",0,109,"+",618.21,27
"552",51.33,10,0,"t","t",11,"f",0,1249,"+",713.79,39
"553",34.75,15,5.375,"t","t",9,"t",0,134,"+",652.62,32
"554",38.58,3.335,4,"t","t",14,"f",383,1344,"+",670.44,42
"555",22.42,11.25,0.75,"t","t",4,"f",0,321,"+",737.92,37
"556",41.92,0.42,0.21,"t","t",6,"f",220,948,"+",676.07,39
"557",29.58,4.5,7.5,"t","t",2,"t",330,0,"+",743.75,50
"558",32.17,1.46,1.085,"t","t",16,"f",120,2079,"+",695.69,37
"559",51.42,0.04,0.04,"t","f",0,"f",0,3000,"+",703.03,40
"560",22.83,2.29,2.29,"t","t",7,"t",140,2384,"+",711.69,55
"561",25,12.33,3.5,"t","t",6,"f",400,458,"+",738.63,43
"562",26.75,1.125,1.25,"t","f",0,"f",0,5298,"+",655.44,32
"563",23.33,1.5,1.415,"t","f",0,"f",422,200,"+",708.79,37
"564",24.42,12.335,1.585,"t","f",0,"t",120,0,"+",721.91,43
"565",42.17,5.04,12.75,"t","f",0,"t",92,0,"+",727.57,30
"566",20.83,3,0.04,"t","f",0,"f",100,0,"+",642.33,40
"567",23.08,11.5,2.125,"t","t",11,"t",290,284,"+",649.75,42
"568",25.17,2.875,0.875,"t","f",0,"f",360,0,"+",698.62,54
"569",43.08,0.375,0.375,"t","t",8,"t",300,162,"+",695.54,42
"570",35.75,0.915,0.75,"t","t",4,"f",0,1583,"+",717.05,31
"571",59.5,2.75,1.75,"t","t",5,"t",60,58,"+",731.06,42
"572",21,3,1.085,"t","t",8,"t",160,1,"+",779.41,55
"573",21.92,0.54,0.04,"t","t",1,"t",840,59,"+",671.54,44
"574",65.17,14,0,"t","t",11,"t",0,1400,"+",806,46
"575",20.33,10,1,"t","t",4,"f",50,1465,"+",627.07,37
"576",32.25,0.165,3.25,"t","t",1,"t",432,8000,"+",777.26,42
"577",30.17,0.5,1.75,"t","t",11,"f",32,540,"+",666.73,41
"578",25.17,6,1,"t","t",3,"f",0,0,"+",696.26,38
"579",39.17,1.625,1.5,"t","t",10,"f",186,4700,"+",633.85,32
"580",39.08,6,1.29,"t","t",5,"t",108,1097,"+",736.95,27
"581",31.67,0.83,1.335,"t","t",8,"t",303,3290,"+",700.81,31
"582",41,0.04,0.04,"f","t",1,"f",560,0,"+",766.74,45
"583",48.5,4.25,0.125,"t","f",0,"t",225,0,"+",629.41,45
"584",32.67,9,5.25,"t","f",0,"t",154,0,"+",720.34,55
"585",28.08,15,0,"t","f",0,"f",0,13212,"+",706.43,45
"586",73.42,17.75,0,"t","f",0,"t",0,0,"+",760.91,28
"587",64.08,20,17.5,"t","t",9,"t",0,1000,"+",700.05,39
"588",51.58,15,8.5,"t","t",9,"f",0,0,"+",726.16,43
"589",26.67,1.75,1,"t","t",5,"t",160,5777,"+",671.21,51
"590",25.33,0.58,0.29,"t","t",7,"t",96,5124,"+",753.07,49
"591",30.17,6.5,3.125,"t","t",8,"f",330,1200,"+",681.81,40
"592",27,0.75,4.25,"t","t",3,"t",312,150,"+",661.55,39
"593",23.17,0,0,"f","f",0,"f",NA,0,"+",681.89,47
"594",34.17,5.25,0.085,"f","f",0,"t",290,6,"+",721.15,32
"595",38.67,0.21,0.085,"t","f",0,"t",280,0,"+",703.7,48
"596",25.75,0.75,0.25,"t","f",0,"f",349,23,"+",656.95,31
"597",46.08,3,2.375,"t","t",8,"t",396,4159,"+",684.49,50
"598",21.5,6,2.5,"t","t",3,"f",80,918,"+",688.4,38
"599",20.08,0.125,1,"f","t",1,"f",240,768,"+",719.97,49
"600",20.5,2.415,2,"t","t",11,"t",200,3000,"+",646,45
"601",29.5,0.46,0.54,"t","t",4,"f",380,500,"+",698.71,33
"602",42.25,1.75,0,"f","f",0,"t",150,1,"-",744.89,29
"603",29.83,1.25,0.25,"f","f",0,"f",224,0,"-",635.32,42
"604",20.08,0.25,0.125,"f","f",0,"f",200,0,"-",660.73,33
"605",23.42,0.585,0.085,"t","f",0,"f",180,0,"-",703.71,31
"606",29.58,1.75,1.25,"f","f",0,"t",280,0,"-",658.95,34
"607",16.17,0.04,0.04,"f","f",0,"f",0,0,"+",670.27,37
"608",32.33,3.5,0.5,"f","f",0,"t",232,0,"-",685.63,40
"609",NA,0.04,4.25,"f","f",0,"t",460,0,"-",787.79,49
"610",47.83,4.165,0.085,"f","f",0,"t",520,0,"-",788.98,28
"611",20,1.25,0.125,"f","f",0,"f",140,4,"-",704.57,41
"612",27.58,3.25,5.085,"f","t",2,"t",369,1,"-",671.63,50
"613",22,0.79,0.29,"f","t",1,"f",420,283,"-",698.61,45
"614",19.33,10.915,0.585,"f","t",2,"t",200,7,"-",661.24,48
"615",38.33,4.415,0.125,"f","f",0,"f",160,0,"-",736.05,43
"616",29.42,1.25,0.25,"f","t",2,"t",400,108,"-",629.05,41
"617",22.67,0.75,1.585,"f","t",1,"t",400,9,"-",696.53,36
"618",32.25,14,0,"f","t",2,"f",160,1,"-",607.17,53
"619",29.58,4.75,2,"f","t",1,"t",460,68,"-",649.92,29
"620",18.42,10.415,0.125,"t","f",0,"f",120,375,"-",667.3,39
"621",22.17,2.25,0.125,"f","f",0,"f",160,10,"-",703.48,29
"622",22.67,0.165,2.25,"f","f",0,"t",0,0,"+",662.74,26
"623",25.58,0,0,"f","f",0,"f",NA,0,"+",703.16,36
"624",18.83,0,0.665,"f","f",0,"f",160,1,"-",704.5,35
"625",21.58,0.79,0.665,"f","f",0,"f",160,0,"-",720.67,51
"626",23.75,12,2.085,"f","f",0,"f",80,0,"-",669.83,50
"627",22,7.835,0.165,"f","f",0,"t",NA,0,"-",583.66,36
"628",36.08,2.54,0,"f","f",0,"f",0,1000,"-",662.45,51
"629",29.25,13,0.5,"f","f",0,"f",228,0,"-",736.86,48
"630",19.58,0.665,1.665,"f","f",0,"f",220,5,"-",648.24,44
"631",22.92,1.25,0.25,"f","f",0,"t",120,809,"-",674.65,22
"632",27.25,0.29,0.125,"f","t",1,"t",272,108,"-",746.58,39
"633",38.75,1.5,0,"f","f",0,"f",76,0,"-",712.51,43
"634",32.42,2.165,0,"f","f",0,"f",120,0,"-",690.65,34
"635",23.75,0.71,0.25,"f","t",1,"t",240,4,"-",682.26,33
"636",18.17,2.46,0.96,"f","t",2,"t",160,587,"-",721.09,41
"637",40.92,0.5,0.5,"f","f",0,"t",130,0,"-",649.36,47
"638",19.5,9.585,0.79,"f","f",0,"f",80,350,"-",662.45,38
"639",28.58,3.625,0.25,"f","f",0,"t",100,0,"-",625.58,41
"640",35.58,0.75,1.5,"f","f",0,"t",231,0,"-",681.78,54
"641",34.17,2.75,2.5,"f","f",0,"t",232,200,"-",633.4,37
"642",33.17,2.25,3.5,"f","f",0,"t",200,141,"-",591.78,41
"643",31.58,0.75,3.5,"f","f",0,"t",320,0,"-",691.87,50
"644",52.5,7,3,"f","f",0,"f",0,0,"-",758.32,33
"645",36.17,0.42,0.29,"f","f",0,"t",309,2,"-",730.89,40
"646",37.33,2.665,0.165,"f","f",0,"t",0,501,"-",662.92,35
"647",20.83,8.5,0.165,"f","f",0,"f",0,351,"-",672,43
"648",24.08,9,0.25,"f","f",0,"t",0,0,"-",655.46,41
"649",25.58,0.335,3.5,"f","f",0,"t",340,0,"-",754.29,32
"650",35.17,3.75,0,"f","t",6,"f",0,200,"-",763.84,34
"651",48.08,3.75,1,"f","f",0,"f",100,2,"-",601.94,39
"652",15.83,7.625,0.125,"f","t",1,"t",0,160,"-",701.98,36
"653",22.5,0.415,0.335,"f","f",0,"t",144,0,"-",728.29,38
"654",21.5,11.5,0.5,"t","f",0,"t",100,68,"-",785.06,29
"655",23.58,0.83,0.415,"f","t",1,"t",200,11,"-",730.85,44
"656",21.08,5,0,"f","f",0,"f",0,0,"-",651.92,34
"657",25.67,3.25,2.29,"f","t",1,"t",416,21,"-",676.35,45
"658",38.92,1.665,0.25,"f","f",0,"f",0,390,"-",721.55,36
"659",15.75,0.375,1,"f","f",0,"f",120,18,"-",667.67,41
"660",28.58,3.75,0.25,"f","t",1,"t",40,154,"-",677.12,35
"661",22.25,9,0.085,"f","f",0,"f",0,0,"-",637.08,37
"662",29.83,3.5,0.165,"f","f",0,"f",216,0,"-",750.92,45
"663",23.5,1.5,0.875,"f","f",0,"t",160,0,"-",667.1,50
"664",32.08,4,1.5,"f","f",0,"t",120,0,"-",713.45,47
"665",31.08,1.5,0.04,"f","f",0,"f",160,0,"-",644.8,38
"666",31.83,0.04,0.04,"f","f",0,"f",0,0,"-",740.15,55
"667",21.75,11.75,0.25,"f","f",0,"t",180,0,"-",743.55,45
"668",17.92,0.54,1.75,"f","t",1,"t",80,5,"-",675.32,45
"669",30.33,0.5,0.085,"f","f",0,"t",252,0,"-",680.54,37
"670",51.83,2.04,1.5,"f","f",0,"f",120,1,"-",635.72,42
"671",47.17,5.835,5.5,"f","f",0,"f",465,150,"-",753.56,35
"672",25.83,12.835,0.5,"f","f",0,"f",0,2,"-",592.29,25
"673",50.25,0.835,0.5,"f","f",0,"t",240,117,"-",706.14,38
"674",29.5,2,2,"f","f",0,"f",256,17,"-",660.98,38
"675",37.33,2.5,0.21,"f","f",0,"f",260,246,"-",729.96,34
"676",41.58,1.04,0.665,"f","f",0,"f",240,237,"-",722.24,41
"677",30.58,10.665,0.085,"f","t",12,"t",129,3,"-",740.84,56
"678",19.42,7.25,0.04,"f","t",1,"f",100,1,"-",702.05,35
"679",17.92,10.21,0,"f","f",0,"f",0,50,"-",628.38,55
"680",20.08,1.25,0,"f","f",0,"f",0,0,"-",745.54,50
"681",19.5,0.29,0.29,"f","f",0,"f",280,364,"-",689.77,44
"682",27.83,1,3,"f","f",0,"f",176,537,"-",758.88,41
"683",17.08,3.29,0.335,"f","f",0,"t",140,2,"-",752.54,42
"684",36.42,0.75,0.585,"f","f",0,"f",240,3,"-",682.87,35
"685",40.58,3.29,3.5,"f","f",0,"t",400,0,"-",656.14,44
"686",21.08,10.085,1.25,"f","f",0,"f",260,0,"-",736.22,34
"687",22.67,0.75,2,"f","t",2,"t",200,394,"-",643.56,46
"688",25.25,13.5,2,"f","t",1,"t",200,1,"-",665.36,46
"689",17.92,0.205,0.04,"f","f",0,"f",280,750,"-",716.15,42
"690",35,3.375,8.29,"f","f",0,"t",0,0,"-",739.94,37
